<?xml version="1.0" encoding="UTF-8"?><TaskList Version="2.0"><Task ConnectorKind="local" RepositoryUrl="local" TaskId="1" Handle="local-1" Label="Unknown nature: Unknown referenced nature: org.springframework.ide.eclipse.core.springnature." Priority="P3" Kind="task" IssueURL="" Notes="Resource: intro-spring-jpa/.project" Estimated="0" EndDate="" CreationDate="2018-07-14 06:28:53.251 -0300" ModificationDate="" DueDate="" Owner="local" Active="false" ScheduledStartDate="2018-07-08 00:00:00.0 -0300" ScheduledEndDate="2018-07-14 23:59:59.999 -0300" Reminded="false" MarkReadPending="false" NotifiedIncoming="true" offlineSyncState="SYNCHRONIZED"/><Task ConnectorKind="local" RepositoryUrl="local" TaskId="2" Handle="local-2" Label="Unknown nature: Unknown referenced nature: org.springframework.ide.eclipse.core.springnature." Priority="P3" Kind="bugzilla" IssueURL="" Notes="" Estimated="0" EndDate="" CreationDate="2018-07-14 06:29:58.680 -0300" ModificationDate="" DueDate="" Owner="local" Active="false" ScheduledStartDate="2018-07-08 00:00:00.0 -0300" ScheduledEndDate="2018-07-14 23:59:59.999 -0300" Reminded="false" MarkReadPending="true" NotifiedIncoming="true" offlineSyncState="OUTGOING_NEW"><Attribute Key="outgoingNewRepositoryUrl">https://bugs.eclipse.org/bugs</Attribute><Attribute Key="outgoingNewConnectorKind">bugzilla</Attribute></Task><TaskCategory Handle="Uncategorized" Name="Uncategorized"><TaskReference Handle="local-1"/></TaskCategory></TaskList>